Item,Frequency,Probability
1,3,0.500000
2,2,0.333333
3,1,0.166667
